LOCATION,Country,GDP (PPP),TIME,Business enterprise,Government,Higher Education,Private non-profit,Rest of the world
ARG,Argentina,8.83E+11,2007,906512.9775,1998074.651,137509.5958,34395.03243,20046.63568
ARG,Argentina,8.83E+11,2008,891665.414,2271198.588,146619.9165,32402.2533,20066.0546
AUS,Australia,1.10E+12,2008,1.18E+07,6619145.911,23122.59097,337846.7459,308030.7733
AUT,Austria,4.27E+11,2007,3846967.884,2551501.104,49098.18717,37172.17263,1415112.266
AUT,Austria,4.27E+11,2009,4177083.815,3098978.636,59479.26716,50052.39131,1490366.051
AUT,Austria,4.27E+11,2011,4595890.658,3559638.622,66317.92671,47194.16292,1685966.845
AUT,Austria,4.27E+11,2013,5858828.02,4035264.114,70720.3508,57100.91642,1996844.4
AZE,Azerbaijan,1.72E+11,2010,29703.65186,272642.8977,963.30945,5766.5283,69.64084
AZE,Azerbaijan,1.72E+11,2012,31478.44357,289434.5387,557.14059,5014.26535,278.5703
AZE,Azerbaijan,1.72E+11,2013,104237.4189,233133.152,2802.08115,1120.83246,560.41623
AZE,Azerbaijan,1.72E+11,2014,107603.9602,238265.912,2846.66561,3131.33218,569.33312
BEL,Belgium,5.15E+11,2007,4433246.342,1599804.129,200035.4477,50092.65266,939218.491
BEL,Belgium,5.15E+11,2008,4792934.921,1826368.607,229525.6881,43774.65569,965724.2716
BEL,Belgium,5.15E+11,2009,4784545.86,2064148.059,261345.6889,60772.58921,984845.7189
BEL,Belgium,5.15E+11,2010,5163318.464,2279572.468,279273.0757,50417.65217,1194215.742
BEL,Belgium,5.15E+11,2011,5907963.712,2300005.65,281881.1147,59020.73659,1273092.915
BEL,Belgium,5.15E+11,2012,6829685.32,2705410.412,107930.9166,46203.97817,1444552.429
BEL,Belgium,5.15E+11,2013,7267497.933,2853983.795,121047.1818,48499.07752,1560490.069
BFA,Burkina Faso,3.07E+10,2008,5869.35867,3678.08724,7825.64121,421.09497,15525.97089
BFA,Burkina Faso,3.07E+10,2009,4732.60147,3589.46054,4847.48749,503.49173,23641.08371
BGR,Bulgaria,1.31E+11,2007,141885.7052,235490.8684,4308.37203,2116.15307,31590.16424
BGR,Bulgaria,1.31E+11,2008,147250.6954,294164.9494,2074.72244,4447.52023,32900.43497
BGR,Bulgaria,1.31E+11,2009,157639.1375,315372.1585,3834.7817,943.16853,43712.17835
BGR,Bulgaria,1.31E+11,2010,103974.4122,269327.9743,3020.6362,591.99142,247061.6972
BGR,Bulgaria,1.31E+11,2011,103706.6575,237510.0122,1220.9845,1121.13763,269167.1733
BGR,Bulgaria,1.31E+11,2012,148732.5487,225673.8285,1221.10687,9109.2263,331438.138
BGR,Bulgaria,1.31E+11,2013,149820.9596,242798.3572,1020.03129,3556.1264,370671.7171
BGR,Bulgaria,1.31E+11,2014,222418.3622,264064.1099,457.05081,4048.80862,508553.215
BHR,Bahrain,6.42E+10,2014,13589.61893,25900.87599,13247.61021,1248.61199,7766.77301
BIH,Bosnia and Herzegovina,4.13E+10,2014,24981.65602,52949.049,12588.9285,112.74656,12422.59511
BIH,Bosnia and Herzegovina,4.13E+10,2015,28423.60746,34048.04103,12741.21161,28.97706,15303.25715
BLR,Belarus,1.68E+11,2007,512613.4234,559073.9683,3144.65898,847.80686,59702.36497
BLR,Belarus,1.68E+11,2008,358880.2808,566216.644,3042.64844,840.86624,54272.14313
BOL,Bolivia,7.46E+10,2009,4073.16466,40068.32402,20780.87756,1605.78889,1454.40429
BWA,Botswana,3.58E+10,2012,4477.49914,56901.89019,9670.09797,571.538,5246.77304
CAN,Canada,1.59E+12,2007,1.22E+07,7914727.692,1583605.03,788917.2379,2290910.14
CAN,Canada,1.59E+12,2008,1.23E+07,8474631.194,1506817.132,822268.4889,1791168.107
CAN,Canada,1.59E+12,2009,1.22E+07,8664879.482,1686201.693,785673.4445,1773591.218
CAN,Canada,1.59E+12,2010,1.17E+07,8801654.855,1958016.074,874596.8911,1638640.804
CAN,Canada,1.59E+12,2011,1.26E+07,8736160.219,1913857.847,929910.7028,1525118.074
CAN,Canada,1.59E+12,2012,1.24E+07,9006859.193,2448965.818,956928.5726,1489626.846
CAN,Canada,1.59E+12,2013,1.19E+07,9061491.85,2643684.93,954573.1169,1551692.547
CAN,Canada,1.59E+12,2014,1.17E+07,8911665.482,2644058.31,954416.8877,1548096.545
CHE,Switzerland,5.18E+11,2008,7444497.803,2493555.134,253842.975,75684.05324,649677.2711
CHE,Switzerland,5.18E+11,2012,8308273.12,3474704.447,158780.3307,77543.88245,1650576.926
CHL,Chile,4.19E+11,2007,334789.0918,306317.342,160526.4273,23292.12904,35970.33054
CHL,Chile,4.19E+11,2008,448671.3903,346411.6107,176570.0282,20133.38485,34263.88909
CHL,Chile,4.19E+11,2009,259848.1831,369334.862,134571.5438,16400.46538,183581.6517
CHL,Chile,4.19E+11,2010,261489.4201,414791.5046,130259.6744,17410.61127,203823.312
CHL,Chile,4.19E+11,2011,417575.3825,414649.9868,118091.9181,19742.36609,262009.1895
CHL,Chile,4.19E+11,2012,473695.3467,487448.6702,127749.4218,28929.20886,237697.9232
CHL,Chile,4.19E+11,2013,528690.7128,593775.1514,180927.5767,12139.4906,231863.5533
CHL,Chile,4.19E+11,2014,489532.297,678671.965,145657.869,11058.36587,211905.3396
CHL,Chile,4.19E+11,2015,530077.1647,688903.3734,179780.7923,10216.98751,208300.3555
COL,Colombia,6.67E+11,2007,215833.5141,292511.1451,190497.759,41743.63473,22162.91773
COL,Colombia,6.67E+11,2008,302715.4508,302204.6002,201224.7054,42934.59982,28327.9561
COL,Colombia,6.67E+11,2009,161811.773,429828.9903,215855.2121,45330.49084,31092.51561
COL,Colombia,6.67E+11,2010,267389.0926,359051.0139,215262.5577,55976.04782,30933.65026
COL,Colombia,6.67E+11,2011,348544.2017,417549.7,234587.9646,57199.59073,25001.23803
COL,Colombia,6.67E+11,2012,450316.9496,426161.0528,274278.2811,48468.51696,36477.31339
COL,Colombia,6.67E+11,2013,564932.5663,674449.0971,303473.5905,56335.80551,45413.70246
COL,Colombia,6.67E+11,2014,553626.6982,623169.7151,330501.6257,59805.24477,37652.58886
COL,Colombia,6.67E+11,2015,541853.1234,699013.0004,279997.4252,52843.24015,39097.20902
CYP,Cyprus,2.67E+10,2007,16555.48101,65052.43875,2841.00052,1665.76132,14661.00117
CYP,Cyprus,2.67E+10,2008,18844.99592,67748.30083,2882.59976,773.97804,15491.0911
CYP,Cyprus,2.67E+10,2009,19159.06234,84050.62446,3358.56073,553.39921,14696.63899
CYP,Cyprus,2.67E+10,2010,15725.97963,84293.54033,4288.51328,575.23602,18460.49711
CYP,Cyprus,2.67E+10,2011,14000.41959,89813.95844,4929.70505,578.28131,17903.81845
CYP,Cyprus,2.67E+10,2012,12801.88323,78244.41993,5409.92391,812.05448,20609.7729
CYP,Cyprus,2.67E+10,2013,14788.26611,75783.49268,6874.97827,732.4961,23897.13902
CYP,Cyprus,2.67E+10,2014,17067.58348,70225.90209,6914.01328,760.33437,29428.1943
CZE,Czech Republic,3.56E+11,2007,1652296.788,1566164.014,29445.56577,160.45466,254403.2057
CZE,Czech Republic,3.56E+11,2008,1614409.667,1605421.553,45256.95112,111.44873,318403.5627
CZE,Czech Republic,3.56E+11,2009,1484816.477,1783980.598,44082.72766,823.90555,421115.9438
CZE,Czech Republic,3.56E+11,2010,1582568.479,1724874.814,33088.10948,724.4967,540525.687
CZE,Czech Republic,3.56E+11,2011,1771982.656,1961667.643,43967.82239,324.53361,924340.5078
CZE,Czech Republic,3.56E+11,2012,1979898.026,2001584.033,49322.74373,123.55521,1410637.66
CZE,Czech Republic,3.56E+11,2013,2291346.808,2117258.983,27692.23543,3651.16675,1654857.608
CZE,Czech Republic,3.56E+11,2014,2416045.858,2215290.298,37082.91558,6840.77872,2049712.24
CZE,Czech Republic,3.56E+11,2015,2393650.598,2233427.985,49090.68503,3647.22185,2253164.958
ECU,Ecuador,1.85E+11,2007,33784.08054,91100.52062,6057.83513,5125.8605,10950.70197
ECU,Ecuador,1.85E+11,2009,981.75675,212393.6734,38372.06708,2631.94363,50508.25161
ECU,Ecuador,1.85E+11,2010,5528.62477,221558.162,52807.22022,2813.49944,29413.85776
ECU,Ecuador,1.85E+11,2011,2128.54358,145672.2012,41411.57553,2394.61153,22862.83862
ECU,Ecuador,1.85E+11,2012,299.14024,154916.6028,61887.1136,928.7672,12264.02707
ECU,Ecuador,1.85E+11,2013,179.63131,235054.1855,83109.51862,965.5408,15227.35309
ECU,Ecuador,1.85E+11,2014,939.37613,341528.7902,101512.1042,947.29702,19821.93154
ESP,Spain,1.61E+12,2007,8269681.459,7941893.031,606089.942,99095.18057,1275578.602
ESP,Spain,1.61E+12,2008,9104416.542,9229494.036,652996.024,112165.9489,1154631.321
ESP,Spain,1.61E+12,2009,8808284.771,9569013.052,701116.8865,127116.3654,1108898.173
ESP,Spain,1.61E+12,2010,8643609.251,9377675.79,793864.219,137713.2777,1153060.999
ESP,Spain,1.61E+12,2011,8801384.624,8833927.764,790784.2981,109505.4255,1326770.093
ESP,Spain,1.61E+12,2012,8795005.871,8311289.886,758470.7961,123513.6177,1280885.959
ESP,Spain,1.61E+12,2013,8936767.177,8033922.138,786803.7396,121582.7562,1420794.701
ESP,Spain,1.61E+12,2014,8983852.727,8006156.016,803252.1037,130606.5873,1434676.322
EST,Estonia,3.81E+10,2007,130978.0915,143610.0824,2721.34973,579.78157,36730.97411
EST,Estonia,3.81E+10,2008,151859.9041,190942.1985,2087.86269,1054.93941,35739.51253
EST,Estonia,3.81E+10,2009,147086.5562,186566.8897,2642.86475,2588.65214,43300.38626
EST,Estonia,3.81E+10,2010,198554.6289,201031.4018,2768.27305,892.10778,52119.83199
EST,Estonia,3.81E+10,2011,413350.2737,246106.3331,2148.16263,738.85848,89116.49726
EST,Estonia,3.81E+10,2012,374741.6339,279870.1884,2439.24439,673.62296,72887.53951
EST,Estonia,3.81E+10,2013,262685.0745,294975.4,1687.89467,695.46625,64618.96879
EST,Estonia,3.81E+10,2014,201991.5571,269614.7844,4860.09872,640.53706,67895.02795
EST,Estonia,3.81E+10,2015,233601.4753,264152.7186,1191.11462,1337.88704,69423.35375
ETH,Ethiopia,1.62E+11,2010,23987.94758,124669.937,2416.88282,93.0293,66726.56099
ETH,Ethiopia,1.62E+11,2013,5903.3419,622485.6545,14162.48285,1782.71395,16924.62043
FIN,Finland,2.32E+11,2007,4548352.292,1603942.151,17352.00109,64723.61573,434523.25
FIN,Finland,2.32E+11,2008,5294808.277,1644811.84,15953.95368,77478.41579,499985.1994
FIN,Finland,2.32E+11,2009,5161636.896,1819173.958,10899.01519,86834.74015,500701.361
FIN,Finland,2.32E+11,2010,5126664.145,1992448.905,15300.2303,88538.17826,533193.8897
FIN,Finland,2.32E+11,2011,5345371.397,1996809.818,11914.46527,100757.4037,521927.0701
FIN,Finland,2.32E+11,2012,4741824.666,2007274.669,11703.97195,96924.0337,662277.7231
FIN,Finland,2.32E+11,2013,4495655.25,1923408.583,17135.78172,100382.5149,852809.1627
FIN,Finland,2.32E+11,2014,3849581.613,1977579.263,16234.10686,102484.7018,1245829.657
FIN,Finland,2.32E+11,2015,3678966.034,1940456.233,20249.97095,102577.7217,975539.5843
FRA,France,2.73E+12,2007,2.31E+07,1.68E+07,565695.2227,360391.9634,3303408.724
FRA,France,2.73E+12,2008,2.37E+07,1.81E+07,580225.7465,489105.0195,3708865.439
FRA,France,2.73E+12,2009,2.60E+07,1.92E+07,596831.6804,391681.0147,3496217.694
FRA,France,2.73E+12,2010,2.73E+07,1.89E+07,526834.8551,402406.1867,3843274.318
FRA,France,2.73E+12,2011,2.95E+07,1.88E+07,676776.0807,427479.9997,4153702.156
FRA,France,2.73E+12,2012,3.05E+07,1.95E+07,520398.5309,428168.3902,4185654.168
FRA,France,2.73E+12,2013,3.22E+07,2.06E+07,563253.6286,454442.5399,4606035.195
FRA,France,2.73E+12,2014,3.32E+07,2.06E+07,605795.4616,568522.2257,4639916.693
GBR,United Kingdom,2.72E+12,2007,1.62E+07,1.09E+07,433590.1144,1623706.18,6081701.992
GBR,United Kingdom,2.72E+12,2008,1.66E+07,1.12E+07,452796.1738,1801030.653,6484682.004
GBR,United Kingdom,2.72E+12,2009,1.62E+07,1.19E+07,467144.104,1819225.243,6068079.238
GBR,United Kingdom,2.72E+12,2010,1.66E+07,1.21E+07,464594.8892,1809950.581,6628489.58
GBR,United Kingdom,2.72E+12,2011,1.78E+07,1.18E+07,448408.8991,1850005.382,6888586.11
GBR,United Kingdom,2.72E+12,2012,1.76E+07,1.10E+07,441113.173,1820322.276,7636887.608
GBR,United Kingdom,2.72E+12,2013,1.92E+07,1.21E+07,529354.1793,1961360.168,7763669.344
GBR,United Kingdom,2.72E+12,2014,2.12E+07,1.25E+07,547775.8164,2128265.059,7752356.794
GBR,United Kingdom,2.72E+12,2015,2.24E+07,1.30E+07,571613.8205,2223507.982,8143316.32
GHA,Ghana,1.15E+11,2010,280.86724,188969.3937,759.61822,295.22977,86366.67611
GRC,Greece,2.85E+11,2008,661469.5085,1406721.652,44594.89428,19662.37776,129811.244
GRC,Greece,2.85E+11,2009,707172.5832,1156249.289,44872.70598,19784.86799,183919.678
GRC,Greece,2.85E+11,2010,685546.6175,905721.4341,43809.60839,19316.13661,222440.8547
GRC,Greece,2.85E+11,2011,638636.609,960487.2939,44268.98199,19518.67946,287772.9215
GRC,Greece,2.85E+11,2012,605845.5036,983841.6856,38267.00143,17672.92814,308034.7558
GRC,Greece,2.85E+11,2013,703755.7316,1214714.705,60391.68183,20040.71563,324916.4442
GRC,Greece,2.85E+11,2014,719425.9749,1284528.463,67299.93814,20857.15119,318670.7129
GRC,Greece,2.85E+11,2015,868830.5928,1441633.619,68186.58136,5540.05819,351476.8885
HRV,Croatia,9.46E+10,2007,234215.9652,332309.7242,19944.26705,1085.0508,72130.04354
HRV,Croatia,9.46E+10,2008,324139.0621,391151.5594,14693.68438,1471.95081,62364.2316
HRV,Croatia,9.46E+10,2009,289673.4453,372714.153,14174.59318,848.39109,50644.98762
HRV,Croatia,9.46E+10,2010,245265.1062,310585.9379,12400.85289,1266.05295,62319.03186
HRV,Croatia,9.46E+10,2011,254626.8173,321466.287,11382.94096,1658.56879,77670.79787
HRV,Croatia,9.46E+10,2012,258915.8614,308070.7962,11407.62378,1714.18658,97312.36092
HRV,Croatia,9.46E+10,2013,321984.6844,299028.673,12613.82376,2300.47253,116619.1471
HRV,Croatia,9.46E+10,2014,316157.2449,307430.5861,15238.28975,3319.56035,94570.13173
HRV,Croatia,9.46E+10,2015,376909.4111,293796.1714,16432.52563,3973.48267,116973.0775
IRL,Ireland,3.18E+11,2007,1256392.745,822233.4597,42018.77812,14075.76935,401003.0289
IRL,Ireland,3.18E+11,2008,1345231.654,928797.4868,39705.77491,14399.96104,430728.2463
IRL,Ireland,3.18E+11,2009,1582820.75,905454.3596,33725.51459,15109.21717,501792.4213
IRL,Ireland,3.18E+11,2010,1644252.893,926543.5513,28767.67095,14621.47274,534072.9375
IRL,Ireland,3.18E+11,2011,1567023.005,944002.0781,23932.27767,18821.11284,652304.8948
IRL,Ireland,3.18E+11,2012,1666826.231,914548.1805,22543.59278,19460.02294,698194.0827
IRL,Ireland,3.18E+11,2013,1825960.893,953701.1904,24155.57881,20408.4906,646660.8102
IRL,Ireland,3.18E+11,2014,1891173.217,978028.0972,25879.59976,20973.5145,667104.9436
IRQ,Iraq,5.61E+11,2015,2299.07141,201169.6574,4362.25179,625.47242,180.99673
ISL,Iceland,1.58E+10,2011,156467.5282,125537.1693,4272.96661,1832.01131,25795.39997
ISL,Iceland,1.58E+10,2013,89917.46317,90626.74581,14154.2429,195.03447,48660.73411
ISL,Iceland,1.58E+10,2014,104426.4354,99756.99597,14090.79687,5965.94326,68017.97524
ISL,Iceland,1.58E+10,2015,115031.0191,110721.5367,14373.97458,14630.70363,91163.77456
ISR,Israel,3.07E+11,2007,4945974.447,1064867.769,161353.3787,143524.6504,2426108.434
ISR,Israel,3.07E+11,2008,4610564.995,1062496.04,188430.6625,146412.4607,2698460.516
ISR,Israel,3.07E+11,2009,3192739.393,1092345.908,109555.0305,140059.8743,3972744.969
ISR,Israel,3.07E+11,2010,3133755.987,1234207.132,105889.8625,92625.31349,4099827.938
ISR,Israel,3.07E+11,2011,3556233.923,1241240.602,89815.28168,98966.65528,4536774.453
ISR,Israel,3.07E+11,2012,4113635.226,1329968.109,119205.3918,120191.3961,4767608.899
ISR,Israel,3.07E+11,2013,4240031.678,1425004.959,23409.02686,119938.6777,5636231.543
ITA,Italy,2.26E+12,2007,9452029.78,9957901.594,284522.0498,657509.9756,2142552.21
ITA,Italy,2.26E+12,2008,1.11E+07,1.02E+07,320278.0677,681643.6007,1926517.238
ITA,Italy,2.26E+12,2009,1.10E+07,1.05E+07,315040.967,750023.3652,2349761.675
ITA,Italy,2.26E+12,2010,1.14E+07,1.06E+07,224699.2995,780875.4202,2497350
ITA,Italy,2.26E+12,2011,1.18E+07,1.09E+07,231320.6896,799671.0106,2365270.527
ITA,Italy,2.26E+12,2012,1.21E+07,1.17E+07,256643.0976,760968.8511,2592509.873
ITA,Italy,2.26E+12,2013,1.29E+07,1.18E+07,291460.8883,766052.0693,2749669.442
ITA,Italy,2.26E+12,2014,1.40E+07,1.24E+07,317805.0335,778283.9808,2830613.362
JPN,Japan,5.18E+12,2007,1.15E+08,2.31E+07,8273598.1,1070617.353,492718.5667
JPN,Japan,5.18E+12,2008,1.16E+08,2.32E+07,7647681.688,1021551.358,562921.3213
JPN,Japan,5.18E+12,2009,1.03E+08,2.42E+07,8089160.596,1006669.652,581770.6573
JPN,Japan,5.18E+12,2010,1.07E+08,2.41E+07,7964594.906,1103641.284,628081.3255
JPN,Japan,5.18E+12,2011,1.14E+08,2.43E+07,8541785.394,1236237.391,711297.8589
JPN,Japan,5.18E+12,2012,1.16E+08,2.57E+07,8877002.748,1173773.26,680016.294
JPN,Japan,5.18E+12,2013,1.24E+08,2.85E+07,9660061.173,1374313.472,862452.9803
JPN,Japan,5.18E+12,2014,1.32E+08,2.73E+07,9456404.318,1251559.507,755741.0959
JPN,Japan,5.18E+12,2015,1.33E+08,2.62E+07,9212844.569,1255056.885,815094.8862
KAZ,Kazakhstan,4.39E+11,2007,256108.5357,215342.7499,88208.30118,6110.68688,9609.85916
KAZ,Kazakhstan,4.39E+11,2008,318820.7543,197119.7271,92622.5006,13814.37897,6005.15139
KAZ,Kazakhstan,4.39E+11,2010,180459.5709,181066.5142,84836.53421,43816.29918,2841.73221
KAZ,Kazakhstan,4.39E+11,2011,278964.7635,134586.5781,88400.12769,37307.89489,1483.08549
KEN,Kenya,1.42E+11,2007,51371.09907,79822.72325,79842.69491,40418.64174,53787.6697
KEN,Kenya,1.42E+11,2010,34212.69278,204643.1744,149953.5045,27806.912,371560.6043
KHM,Cambodia,5.44E+10,2015,12499.14409,15106.95642,39.39741,14184.31933,22458.38958
KOR,South Korea,1.75E+12,2007,2.99E+07,1.01E+07,399974.3697,140169.8889,90503.43114
KOR,South Korea,1.75E+12,2008,3.20E+07,1.12E+07,441798.4472,173747.1546,135063.2026
KOR,South Korea,1.75E+12,2009,3.27E+07,1.26E+07,414229.3109,190026.4375,94958.70719
KOR,South Korea,1.75E+12,2010,3.75E+07,1.40E+07,444533.47,198441.2618,113001.5951
KOR,South Korea,1.75E+12,2011,4.30E+07,1.45E+07,420542.166,257062.7289,130856.8772
KOR,South Korea,1.75E+12,2012,4.85E+07,1.55E+07,391424.8656,307567.285,222536.3134
KOR,South Korea,1.75E+12,2013,5.17E+07,1.56E+07,495910.1461,313295.2116,207537.1156
KOR,South Korea,1.75E+12,2014,5.52E+07,1.68E+07,480856.5368,254102.7182,517916.216
KOR,South Korea,1.75E+12,2015,5.53E+07,1.76E+07,477870.8048,293378.0183,557941.9053
LKA,Sri Lanka,2.47E+11,2010,94551.37019,129149.1635,431.09727,8.15874,6293.54646
LTU,Lithuania,8.41E+10,2007,162084.0078,231715.459,800.70328,2644.23232,96757.6642
LTU,Lithuania,8.41E+10,2008,153264.2784,285783.0022,1410.22697,1527.91497,81099.21068
LTU,Lithuania,8.41E+10,2009,146844.1702,251123.7308,15321.55302,1358.73998,62024.24037
LTU,Lithuania,8.41E+10,2010,158230.112,224844.6533,7151.73145,903.14245,97348.07836
LTU,Lithuania,8.41E+10,2011,176621.7539,264099.5199,6215.69434,960.3458,177648.4831
LTU,Lithuania,8.41E+10,2012,174479.2438,261689.0418,3262.96665,1022.85278,218691.6687
LTU,Lithuania,8.41E+10,2013,206158.5171,259250.8202,979.80438,5623.71591,278474.4015
LTU,Lithuania,8.41E+10,2014,278349.0854,281555.8981,1465.64891,1625.98955,288001.14
LTU,Lithuania,8.41E+10,2015,244120.2443,310360.7378,12852.70029,2715.5495,301353.9401
LUX,Luxembourg,5.81E+10,2007,487389.3295,116943.0924,108.38099,433.52398,36307.63295
LUX,Luxembourg,5.81E+10,2009,483247.5513,166848.1358,243.93002,465.68459,36944.31078
LUX,Luxembourg,5.81E+10,2010,283961.0532,229624.4504,4096.64843,890.76398,134854.9559
LUX,Luxembourg,5.81E+10,2011,316043.8803,233997.6069,3652.6391,8143.86051,135791.7753
LUX,Luxembourg,5.81E+10,2012,112341.3359,279031.5288,5693.71078,8820.12373,213223.5689
LUX,Luxembourg,5.81E+10,2013,111811.2349,327637.8089,11718.99893,7021.11365,219025.2056
MAC,Liaison Office of the Central People's Government in the Macao Special Administrative Region,,2007,15.41019,19308.96723,1245.65697,600.99738,128.41824
MEX,Mexico,2.16E+12,2007,2590618.486,3636887.745,254224.0357,110575.5876,78546.47851
MEX,Mexico,2.16E+12,2008,2579242.849,4522235.931,440952.6594,124315.0173,118682.1343
MEX,Mexico,2.16E+12,2009,2860734.395,4764589.01,511929.7974,199565.6753,122719.9467
MEX,Mexico,2.16E+12,2010,3052228.958,5792282.692,256381.0867,146990.8423,43208.48142
MEX,Mexico,2.16E+12,2011,3159827.306,6159020.062,249170.3064,151466.4448,55798.81071
MEX,Mexico,2.16E+12,2012,2399446.321,6645212.165,313670.6441,405167.3634,35493.36609
MEX,Mexico,2.16E+12,2013,2158338.079,7278768.705,362546.1353,456866.4188,40193.281
MEX,Mexico,2.16E+12,2014,2339271.804,8315655.861,392938.3207,495165.5565,43562.68712
MEX,Mexico,2.16E+12,2015,2450078.035,8475523.412,411551.0122,518620.5294,45626.19239
MKD,Republic of Macedonia,2.93E+10,2015,21754.35947,68532.76126,32388.66341,188.03288,6795.29932
MLT,Malta,1.47E+10,2010,36789.19637,24589.71545,915.26732,91.00172,8664.41401
MLT,Malta,1.47E+10,2011,40142.8968,23587.9578,1708.61601,240.35577,14780.13807
MLT,Malta,1.47E+10,2012,44909.04084,34069.46286,1367.88436,327.74026,22372.58535
MLT,Malta,1.47E+10,2013,40642.74248,36196.98213,1436.85588,202.78907,23875.37966
MLT,Malta,1.47E+10,2014,48253.98416,32303.71428,1327.90243,169.84799,21809.16755
MLT,Malta,1.47E+10,2015,49833.09771,37604.52663,1338.12643,138.6573,24021.12343
MNE,Montenegro,9.99E+09,2013,14644.93636,10957.58006,1209.87082,5.49941,7792.66798
MNE,Montenegro,9.99E+09,2014,9928.7398,16205.21082,1449.26903,11.08428,7204.77909
MNE,Montenegro,9.99E+09,2015,11334.60624,21937.465,2440.82048,8.68032,2243.59325
MUS,Mauritius,2.54E+10,2012,105.99489,28144.76098,8055.61169,43.64495,2500.23242
NAM,Namibia,2.56E+10,2014,9026.85033,51421.23624,4883.81367,3148.21402,12859.41402
NGA,Nigeria,1.09E+12,2007,2182.84148,1324762.897,1124.40324,23735.40271,14230.44735
NLD,Netherlands,8.40E+11,2007,5856948.814,4565982.098,22057.88453,282108.7338,1279357.303
NLD,Netherlands,8.40E+11,2009,5545831.892,5022996.496,35406.46026,346983.3106,1332463.121
NLD,Netherlands,8.40E+11,2011,7480627.702,4966955.919,46116.03165,483635.8417,1657052.98
NLD,Netherlands,8.40E+11,2012,7825531.776,4921571.6,63950.13149,465997.4188,1900647.495
NLD,Netherlands,8.40E+11,2013,8171298.334,5331424.738,46398.1842,489312.7426,1945131.012
NLD,Netherlands,8.40E+11,2014,8458318.203,5493086.413,28003.73849,481547.755,2095039.512
NLD,Netherlands,8.40E+11,2015,8241928.795,5645683.976,28557.45138,446986.1956,2560237.598
NOR,Norway,3.22E+11,2007,1852417.662,1849630.893,25640.50909,39663.88661,347898.396
NOR,Norway,3.22E+11,2009,2013442.2,2159053.722,19828.56175,45653.08658,378528.2358
NOR,Norway,3.22E+11,2011,2211150.913,2328736.627,18496.62921,55016.462,389541.2131
NOR,Norway,3.22E+11,2013,2426973.367,2578538.653,29630.22083,57664.20081,532634.5346
NZL,New Zealand,1.73E+11,2007,584603.4064,605861.7121,124228.2239,52481.44216,68425.17143
NZL,New Zealand,1.73E+11,2009,645307.8166,739826.0321,137357.4067,46919.11417,86358.36955
NZL,New Zealand,1.73E+11,2011,705962.3195,731535.7877,166900.5293,49127.97838,111715.6769
NZL,New Zealand,1.73E+11,2013,738773.1385,738773.1385,187460.2252,57414.01732,134196.6188
OMN,Oman,1.79E+11,2012,94623.53836,151195.3562,69660.03124,852.2937,26.87812
OMN,Oman,1.79E+11,2013,66895.69082,132428.9929,66612.00929,187.33276,2.38742
PAN,Panama,8.74E+10,2007,316.55313,40030.30073,595.04501,985.91385,41745.17501
PAN,Panama,8.74E+10,2008,2202.24081,44885.05153,3005.72357,933.13067,47102.98787
PAN,Panama,8.74E+10,2009,2500.71316,34624.50017,3458.24492,11379.23363,17279.56546
PAN,Panama,8.74E+10,2010,2761.10875,43653.14476,4823.65739,11342.83362,18401.09729
PAN,Panama,8.74E+10,2011,20683.60834,51246.05268,5481.7352,9501.67435,22739.60622
PHL,Philippines,7.44E+11,2007,296054.5446,124621.7017,30500.28722,4343.95826,19696.64112
PHL,Philippines,7.44E+11,2009,309318.7517,143734.7068,41667.77075,2250.62579,22473.27669
PHL,Philippines,7.44E+11,2011,317471.155,229217.8985,46104.82628,798.12408,43706.73233
PHL,Philippines,7.44E+11,2013,326790.8224,457369.1105,79543.12222,2024.59568,16292.35308
POL,Poland,1.02E+12,2007,1231377.171,2106699.963,7164.18039,7756.70659,241481.3586
POL,Poland,1.02E+12,2008,1274099.02,2501135.844,171964.2848,9173.59979,226680.1937
POL,Poland,1.02E+12,2009,1316378.697,2936635.984,325733.4225,12534.38922,267078.9088
POL,Poland,1.02E+12,2010,1411675.759,3523277.579,145547.3179,18207.29224,683328.5595
POL,Poland,1.02E+12,2011,1824001.457,3620191.582,158263.6847,16209.39879,868757.161
POL,Poland,1.02E+12,2012,2581384.369,4101787.806,207887.0128,33126.07729,1066659.689
POL,Poland,1.02E+12,2013,3058474.154,3870878.689,174557.3441,14484.90815,1074780.184
POL,Poland,1.02E+12,2014,3585852.008,4157540.896,204800.2075,18313.15379,1228858.118
POL,Poland,1.02E+12,2015,3997224.158,4286156.877,225494.6242,23377.90266,1715779.176
PRT,Portugal,3.08E+11,2007,1432380.314,1357286.443,20619.24113,69946.3946,165539.0801
PRT,Portugal,3.08E+11,2008,1953866.081,1776236.033,145044.8638,67229.63839,121261.0902
PRT,Portugal,3.08E+11,2009,1940407.942,2010875.255,126061.3509,165136.619,181039.3258
PRT,Portugal,3.08E+11,2010,1948254.739,2000019.294,140061.4178,203807.2576,141439.2977
PRT,Portugal,3.08E+11,2011,1841814.012,1720480.257,220675.2551,87485.93687,248496.5887
PRT,Portugal,3.08E+11,2012,1764393.011,1653069.551,137028.8637,79645.12602,198274.5235
PRT,Portugal,3.08E+11,2013,1637324.209,1796912.945,151701.3103,50334.43095,237072.0999
PRT,Portugal,3.08E+11,2014,1616698.345,1823112.868,161153.1658,49563.46518,217120.4122
PRY,Paraguay,6.11E+10,2008,54.77615,16695.42947,2015.73766,460.11473,2684.11088
PRY,Paraguay,6.11E+10,2011,1146.83415,15476.99687,5069.80439,574.33072,4515.50204
PRY,Paraguay,6.11E+10,2012,355.74528,34573.17968,1555.32324,1197.18587,3230.68329
PRY,Paraguay,6.11E+10,2014,167.27481,41505.00399,1758.73564,2511.74132,9947.4979
PRY,Paraguay,6.11E+10,2015,220.7494,57713.82578,1621.21118,3278.93216,8158.90685
PSE,State of Palestine,2.22E+10,2007,82.5744,1073.44267,908.2962,3468.04185,13872.16915
PSE,State of Palestine,2.22E+10,2008,422.47313,1146.71271,100.58829,2776.25111,8107.45784
PSE,State of Palestine,2.22E+10,2009,2796.6553,8175.75414,1124.61294,5896.77679,24009.58289
PSE,State of Palestine,2.22E+10,2010,567.99743,12972.70829,1398.60859,3016.858,31992.31517
PSE,State of Palestine,2.22E+10,2013,3589.89677,28044.97448,4362.18506,16307.55503,23096.2648
QAT,Qatar,3.16E+11,2012,311600.0747,401712.4848,471097.653,72137.67748,31180.5951
ROU,Romania,4.66E+11,2007,392664.8692,981166.85,20441.12985,723.52042,66363.87042
ROU,Romania,4.66E+11,2008,442716.187,1334022.5,50311.55976,510.77726,75531.1868
ROU,Romania,4.66E+11,2009,523279.7156,826952.6024,28776.7237,1149.3057,125570.7514
ROU,Romania,4.66E+11,2010,507438.8804,855407.0224,34100.30454,602.03453,174952.278
ROU,Romania,4.66E+11,2011,672517.4752,883306.4287,21067.86336,4085.05974,216933.962
ROU,Romania,4.66E+11,2012,632143.8147,917636.7417,17785.98794,4341.92996,265355.9398
ROU,Romania,4.66E+11,2013,476407.4737,803064.4334,17610.63304,699.166,238127.7135
ROU,Romania,4.66E+11,2014,521299.9335,768888.8493,22863.1135,1458.14783,269226.8877
ROU,Romania,4.66E+11,2015,797424.4143,891521.3058,36298.02964,1968.03956,411144.9896
RUS,Russia,3.69E+12,2007,7813483.922,1.66E+07,162819.3513,26987.58099,1916146.854
RUS,Russia,3.69E+12,2008,8625201.134,1.95E+07,139033.0346,53586.88355,1786657.124
RUS,Russia,3.69E+12,2009,9213775.776,2.30E+07,135256.0685,33653.52448,2240206.275
RUS,Russia,3.69E+12,2010,8441234.405,2.33E+07,154067.9088,43148.62552,1174035.909
RUS,Russia,3.69E+12,2011,9740676.179,2.36E+07,268915.8939,69741.142,1507329.94
RUS,Russia,3.69E+12,2012,1.03E+07,2.57E+07,319897.0956,47555.27224,1503237.377
RUS,Russia,3.69E+12,2013,1.03E+07,2.48E+07,381900.6991,43773.03651,1110782.309
RUS,Russia,3.69E+12,2014,1.08E+07,2.76E+07,426564.8916,64404.2811,986895.7772
RUS,Russia,3.69E+12,2015,1.07E+07,2.82E+07,481793.2343,69413.02972,1072650.163
SEN,Senegal,3.66E+10,2008,3775.7507,53339.30499,284.9064,251.03937,35770.35894
SEN,Senegal,3.66E+10,2010,6121.47662,71167.25649,49.61571,4825.93345,60582.26402
SLV,El Salvador,5.28E+10,2007,684.99883,19213.81425,15023.63611,345.53207,2813.43653
SLV,El Salvador,5.28E+10,2008,337.51537,24672.9712,22187.38798,66.47999,2234.3316
SLV,El Salvador,5.28E+10,2009,7695.49587,21489.15224,207.98637,41.1813,3743.75475
SLV,El Salvador,5.28E+10,2010,164.68363,20791.30839,6175.63615,4.11709,2470.25446
SLV,El Salvador,5.28E+10,2011,198.79184,3564.33762,7752.8816,23.45744,2757.24276
SLV,El Salvador,5.28E+10,2012,400.83738,1707.56726,10822.60938,382.7997,1332.7843
SLV,El Salvador,5.28E+10,2013,202.84092,12170.45533,10547.72795,811.36369,4665.34121
SLV,El Salvador,5.28E+10,2014,282.87536,14228.52052,20948.00093,384.86762,7278.79936
SRB,Serbia,1.00E+11,2007,48713.90139,304654.4561,91554.03157,2402.6095,32065.6251
SRB,Serbia,1.00E+11,2008,48306.68399,374012.5989,138841.8357,4453.52134,56151.01728
SRB,Serbia,1.00E+11,2009,62549.98211,472089.6374,156594.0284,5697.16544,53930.90858
SRB,Serbia,1.00E+11,2010,56599.55298,390016.19,186186.4541,286.57725,23480.17935
SRB,Serbia,1.00E+11,2011,62165.56618,431156.6517,148419.8567,569.15917,37243.77828
SRB,Serbia,1.00E+11,2012,49427.40607,439023.3708,288240.7017,513.68597,78607.19674
SRB,Serbia,1.00E+11,2013,54022.93132,426792.637,180142.8716,215.08275,55989.47486
SRB,Serbia,1.00E+11,2014,62054.84056,405246.9945,195991.3378,119.31366,94341.01114
SRB,Serbia,1.00E+11,2015,110741.1884,438690.619,208164.7088,118.86353,108760.1295
SVK,Slovakia,1.62E+11,2007,181432.4229,274822.1419,820.53687,425.59714,52187.94803
SVK,Slovakia,1.62E+11,2008,204229.388,308159.2021,1847.68249,2238.43105,72364.77309
SVK,Slovakia,1.62E+11,2009,206581.0759,297513.6475,3474.25189,5659.01062,75188.7146
SVK,Slovakia,1.62E+11,2010,291283.9689,411844.9907,3513.86891,2324.62083,121846.0482
SVK,Slovakia,1.62E+11,2011,313147.3301,460224.6809,17094.94537,3586.04838,130971.7283
SVK,Slovakia,1.62E+11,2012,437355.0666,482223.4819,20024.10107,3985.79306,216324.9046
SVK,Slovakia,1.62E+11,2013,500409.6356,484258.5799,34166.87047,2455.77566,223667.1558
SVK,Slovakia,1.62E+11,2014,447042.7322,574281.9248,30525.96676,7265.7189,328609.0272
SVK,Slovakia,1.62E+11,2015,479373.5416,610970.243,62323.98652,6065.69519,754378.5448
SVN,Slovenia,6.60E+10,2007,462018.9695,282324.947,2824.67527,98.22202,45652.64574
SVN,Slovenia,6.60E+10,2008,611392.7506,304677.1086,2841.63973,115.18029,54402.96376
SVN,Slovenia,6.60E+10,2009,590808.1957,363342.9143,2930.12225,314.88344,61526.36257
SVN,Slovenia,6.60E+10,2010,683895.5899,413175.3361,3326.42292,720.88202,70420.27893
SVN,Slovenia,6.60E+10,2011,877454.0443,451566.5817,3304.64606,155.45619,100621.8248
SVN,Slovenia,6.60E+10,2012,951906.169,438685.0211,6626.64203,1638.12041,131001.8408
SVN,Slovenia,6.60E+10,2013,1012050.031,425960.4594,5485.91733,328.8838,141267.4571
SVN,Slovenia,6.60E+10,2014,1043194.276,332288.7021,7835.59137,723.07447,141323.3634
SVN,Slovenia,6.60E+10,2015,1010477.925,290349.0816,4951.42707,112.96031,154149.7512
SWE,Sweden,4.69E+11,2007,7584374.435,2977047.326,94091.39786,271019.2417,1158022.001
SWE,Sweden,4.69E+11,2009,7581314.957,3436216.301,79799.77104,325372.0622,1309905.946
SWE,Sweden,4.69E+11,2011,7743292.038,3689489.489,124942.8711,398686.483,1477491.853
SWE,Sweden,4.69E+11,2013,8844440.388,4102368.405,143074.7402,445871.6476,973699.8592
THA,Thailand,1.11E+12,2007,692402.4153,578852.2504,213432.9038,13561.65678,25601.07476
THA,Thailand,1.11E+12,2009,792942.9931,725230.2664,340621.4494,6074.20765,19155.876
THA,Thailand,1.11E+12,2011,1709548.87,1006853.101,445211.707,15322.07831,82661.94151
THA,Thailand,1.11E+12,2014,2006463.463,1255199.023,881682.1243,20746.41891,81602.58103
THA,Thailand,1.11E+12,2015,4601965.361,1426555.108,383428.7368,9189.81779,107488.0473
TUR,Turkey,1.57E+12,2007,3461591.52,3363281.672,1658.71329,282459.8695,36354.4438
TUR,Turkey,1.57E+12,2008,3701540.979,2477116.005,1266353.016,285556.1616,102800.1273
TUR,Turkey,1.57E+12,2009,3667013.09,3039383.787,1816572.756,327260.4118,100830.1984
TUR,Turkey,1.57E+12,2010,4552473.473,3109439.619,1973330.271,369983.0287,83516.67253
TUR,Turkey,1.57E+12,2011,5290325.986,3376741.919,2406877.215,391436.9639,79253.67635
TUR,Turkey,1.57E+12,2012,5990810.467,3610932.328,2697036.64,433341.5698,75827.37171
TUR,Turkey,1.57E+12,2013,6767859.598,3676973.461,2829873.369,457651.4013,114970.444
TUR,Turkey,1.57E+12,2014,7801833.924,4027324.086,2824897.854,517713.461,165938.6287
TZA,Tanzania,1.39E+11,2010,276.59906,200592.5287,1157.48907,182.03996,146455.0885
UGA,Uganda,7.22E+10,2009,13904.06567,81173.53025,29658.17769,136.77102,44006.0475
UGA,Uganda,7.22E+10,2010,33232.16923,53311.74743,2519.91401,14699.72713,139267.8297
UKR,Ukraine,3.40E+11,2007,960011.3862,1659180.581,7624.59851,2319.49226,505610.9803
UKR,Ukraine,3.40E+11,2008,889574.6641,1814141.749,9002.60291,4569.4884,514075.9867
UKR,Ukraine,3.40E+11,2009,739674.5846,1421213.469,8837.35625,2295.37928,636422.4158
UKR,Ukraine,3.40E+11,2010,768182.5978,1368073.865,5625.45601,3266.8657,754516.7966
UKR,Ukraine,3.40E+11,2011,758377.7329,1284608.43,5891.21928,1160.58668,721571.4872
UKR,Ukraine,3.40E+11,2013,870696.8547,1427414.497,5492.42585,535.84642,646096.826
UKR,Ukraine,3.40E+11,2014,854030.8197,1063473.672,3906.02331,682.37757,480723.2304
UKR,Ukraine,3.40E+11,2015,846143.097,826792.6668,3540.13197,85.92553,381887.4404
URY,Uruguay,7.29E+10,2008,80051.79466,58000.42196,39291.74917,1836.68841,7972.90663
URY,Uruguay,7.29E+10,2009,82969.03761,70428.69264,52566.44244,1264.63914,3912.61874
URY,Uruguay,7.29E+10,2010,90831.89687,44196.64732,51258.93595,1690.12036,3223.30097
URY,Uruguay,7.29E+10,2011,17956.87723,65148.42652,95532.77671,164.23973,13796.13738
URY,Uruguay,7.29E+10,2012,31476.1813,69046.60623,90947.68578,1916.10998,16015.23359
URY,Uruguay,7.29E+10,2013,22339.4364,86773.98127,96217.87317,1180.79069,11742.79927
URY,Uruguay,7.29E+10,2014,10954.3912,68671.69072,141872.3359,642.6837,17688.7791
USA,United States of America,1.80E+13,2009,2.35E+08,1.33E+08,1.19E+07,1.49E+07,1.16E+07
USA,United States of America,1.80E+13,2010,2.33E+08,1.34E+08,1.21E+07,1.55E+07,1.53E+07
USA,United States of America,1.80E+13,2011,2.51E+08,1.34E+08,1.29E+07,1.53E+07,1.63E+07
USA,United States of America,1.80E+13,2012,2.59E+08,1.31E+08,1.41E+07,1.56E+07,1.77E+07
USA,United States of America,1.80E+13,2013,2.78E+08,1.27E+08,1.52E+07,1.66E+07,2.04E+07
USA,United States of America,1.80E+13,2014,2.96E+08,1.26E+08,1.61E+07,1.79E+07,2.41E+07
USA,United States of America,1.80E+13,2015,3.23E+08,1.21E+08,1.71E+07,1.88E+07,2.35E+07
ZAF,South Africa,7.26E+11,2007,2078755.388,2226344.305,4006.06413,43326.60514,519844.4406
ZAF,South Africa,7.26E+11,2008,2199382.689,2327818.84,5644.35732,37301.43472,586966.8376
ZAF,South Africa,7.26E+11,2009,2046235.429,2139387.042,2506.70259,42445.32968,583129.7301
ZAF,South Africa,7.26E+11,2010,1777156.72,1971883.299,2389.29391,142279.3037,534575.8698
ZAF,South Africa,7.26E+11,2011,1814666.332,2002941.076,6532.76151,130392.7635,697641.1992
ZAF,South Africa,7.26E+11,2012,1854363.409,2194730.535,37304.10127,118772.1202,631555.3487
ZAF,South Africa,7.26E+11,2013,2050618.385,2126180.777,35130.68555,104404.0188,640385.0973
